"100,000-year problem"
adaptation
additionality
albedo
anoxic event
Antarctic bottom water 
ABW
Antarctic oscillation 
AAO
Antarctica cooling controversy
anthropogenic
anthropogenic climate change
anthropogenic global warming 
AGW
anti-greenhouse effect
Arctic amplification
Arctic dipole anomaly
Arctic oscillation 
AO
Arctic shrinkage
Argo
Atlantic Multidecadal Oscillation 
AMO
atmospheric sciences
atmospheric window
attribution of recent climate change
Blytt–Sernander system
Bond event
Callendar effect
cap and trade
carbon cycle
carbon diet
carbon dioxide
carbon footprint
carbon offset
carbon sequestration
carbon sink
carbon tax
clathrate gun hypothesis
climate
climate change
climate change denial
climate change feedback
climate change mitigation
climate commitment
Climate crisis
climate cycle
climate ethics
climate forcing
climate justice
climate legislation
climate model
climate movement
climate oscillation
climate resilience
climate sensitivity
climate stabilization wedge
climate system
climate variability
climatology
cool tropics paradox
cosmic rays
dendroclimatology
desertification
detection and attribution
eco-efficiency
Earth's atmosphere
Earthshine
ecotax
ecosystem services
El Niño-Southern Oscillation 
ENSO
emission intensity
emission inventory
emission standards
emissions trading
enteric fermentation
environmental crime
environmental migrant
feedback
forest dieback
fossil fuel
Freon
glacial earthquake
glacial motion
global cooling
global climate model 
GCM
global climate regime
global dimming
global warming 
GW
global warming controversy
global warming denial
global warming period
global warming potential
greenhouse debt
greenhouse effect
greenhouse gas
greenhouse gas inventory
Gulf Stream
historical temperature record
hockey stick graph
Holocene
Holocene Climatic Optimum
homogenization
ice age
ice core
insolation
invasive species
iris hypothesis
irradiance
instrumental temperature record
Interdecadal Pacific Oscillation 
IPO
Intergovernmental Panel on Climate Change 
IPCC
Keeling Curve
Kyoto Protocol
Little Ice Age
magnetosphere
Maunder Minimum
Mauna Loa
Medieval Warm Period
meteorology
methane
Milankovitch cycles
mitigation of global warming
mode of variability
nitrous oxide
nonradiative forcing
North Atlantic Deep Water
North Atlantic oscillation
ocean planet
orbital forcing
ozone
ozone depletion
ozone layer
Pacific decadal oscillation 
PDO
Paleocene–Eocene Thermal Maximum 
PETM
paleoclimatology
policies and measures 
PaMs
phenology
polar amplification
polar city
proxy
radiative forcing
regime shift
removal unit
runaway greenhouse effect
sea level rise
season creep
slash and burn
Snowball Earth
solar variation
solar wind
stranded asset
Stratospheric aerosol injection
sunspot
thermohaline circulation
TEX-86
thermocline
tipping points in the climate system
urban heat island
volcanism
water vapor
with additional measures 
WAM
with measures 
WEM
without measures 
WOM
weather
World Climate Report
Blytt–Sernander system
Bond event
Callendar effect
cap and trade
carbon cycle
carbon diet
carbon dioxide
carbon footprint
carbon offset
carbon sequestration
carbon sink
carbon tax
clathrate gun hypothesis
climate
climate change
climate change denial
climate change feedback
climate change mitigation
climate commitment
Climate crisis
climate cycle
climate ethics
climate forcing
climate justice
climate legislation
climate model
climate movement
climate oscillation
climate resilience
climate sensitivity
climate stabilization wedge
climate system
climate variability
climatology
cool tropics paradox
cosmic rays
dendroclimatology
desertification
detection and attribution
eco-efficiency
Earth's atmosphere
Earthshine
ecotax
ecosystem services
El Niño-Southern Oscillation 
ENSO
emission intensity
emission inventory
emission standards
emissions trading
enteric fermentation
environmental crime
environmental migrant
feedback
forest dieback
fossil fuel
Freon
glacial earthquake
glacial motion
global cooling
global climate model 
GCM
global climate regime
global dimming
global warming 
GW
global warming controversy
global warming denial
global warming period
global warming potential
greenhouse debt
greenhouse effect
greenhouse gas
greenhouse gas inventory
Gulf Stream
historical temperature record
hockey stick graph
Holocene
Holocene Climatic Optimum
homogenization
ice age
ice core
insolation
invasive species
iris hypothesis
irradiance
instrumental temperature record
Interdecadal Pacific Oscillation 
IPO
Intergovernmental Panel on Climate Change 
IPCC
Keeling Curve
Kyoto Protocol
Little Ice Age
magnetosphere
Maunder Minimum
Mauna Loa
Medieval Warm Period
meteorology
methane
Milankovitch cycles
mitigation of global warming
mode of variability
nitrous oxide
nonradiative forcing
North Atlantic Deep Water
North Atlantic oscillation
ocean planet
orbital forcing
ozone
ozone depletion
ozone layer
Pacific decadal oscillation 
PDO
Paleocene–Eocene Thermal Maximum 
PETM
paleoclimatology
policies and measures 
PaMs
phenology
polar amplification
polar city
proxy
radiative forcing
regime shift
removal unit
runaway greenhouse effect
sea level rise
season creep
slash and burn
Snowball Earth
solar variation
solar wind
stranded asset
Stratospheric aerosol injection
sunspot
thermohaline circulation
TEX-86
thermocline
tipping points in the climate system
urban heat island
volcanism
water vapor
with additional measures 
WAM
with measures 
WEM
without measures 
WOM
weather
World Climate Report
dendroclimatology
desertification
detection and attribution
eco-efficiency
Earth's atmosphere
Earthshine
ecotax
ecosystem services
El Niño-Southern Oscillation 
ENSO
emission intensity
emission inventory
emission standards
emissions trading
enteric fermentation
environmental crime
environmental migrant
feedback
forest dieback
fossil fuel
Freon
glacial earthquake
glacial motion
global cooling
global climate model 
GCM
global climate regime
global dimming
global warming 
GW
global warming controversy
global warming denial
global warming period
global warming potential
greenhouse debt
greenhouse effect
greenhouse gas
greenhouse gas inventory
Gulf Stream
historical temperature record
hockey stick graph
Holocene
Holocene Climatic Optimum
homogenization
ice age
ice core
insolation
invasive species
iris hypothesis
irradiance
instrumental temperature record
Interdecadal Pacific Oscillation 
IPO
Intergovernmental Panel on Climate Change 
IPCC
Keeling Curve
Kyoto Protocol
Little Ice Age
magnetosphere
Maunder Minimum
Mauna Loa
Medieval Warm Period
meteorology
methane
Milankovitch cycles
mitigation of global warming
mode of variability
nitrous oxide
nonradiative forcing
North Atlantic Deep Water
North Atlantic oscillation
ocean planet
orbital forcing
ozone
ozone depletion
ozone layer
Pacific decadal oscillation 
PDO
Paleocene–Eocene Thermal Maximum 
PETM
paleoclimatology
policies and measures 
PaMs
phenology
polar amplification
polar city
proxy
radiative forcing
regime shift
removal unit
runaway greenhouse effect
sea level rise
season creep
slash and burn
Snowball Earth
solar variation
solar wind
stranded asset
Stratospheric aerosol injection
sunspot
thermohaline circulation
TEX-86
thermocline
tipping points in the climate system
urban heat island
volcanism
water vapor
with additional measures 
WAM
with measures 
WEM
without measures 
WOM
weather
World Climate Report
Keeling Curve
Kyoto Protocol
Little Ice Age
magnetosphere
Maunder Minimum
Mauna Loa
Medieval Warm Period
meteorology
methane
Milankovitch cycles
mitigation of global warming
mode of variability
nitrous oxide
nonradiative forcing
North Atlantic Deep Water
North Atlantic oscillation
ocean planet
orbital forcing
ozone
ozone depletion
ozone layer
Pacific decadal oscillation 
PDO
Paleocene–Eocene Thermal Maximum 
PETM
paleoclimatology
policies and measures 
PaMs
phenology
polar amplification
polar city
proxy
radiative forcing
regime shift
removal unit
runaway greenhouse effect
sea level rise
season creep
slash and burn
Snowball Earth
solar variation
solar wind
stranded asset
Stratospheric aerosol injection
sunspot
thermohaline circulation
TEX-86
thermocline
tipping points in the climate system
urban heat island
volcanism
water vapor
with additional measures 
WAM
with measures 
WEM
without measures 
WOM
weather
World Climate Report
magnetosphere
Maunder Minimum
Mauna Loa
Medieval Warm Period
meteorology
methane
Milankovitch cycles
mitigation of global warming
mode of variability
nitrous oxide
nonradiative forcing
North Atlantic Deep Water
North Atlantic oscillation
ocean planet
orbital forcing
ozone
ozone depletion
ozone layer
Pacific decadal oscillation 
PDO
Paleocene–Eocene Thermal Maximum 
PETM
paleoclimatology
policies and measures 
PaMs
phenology
polar amplification
polar city
proxy
radiative forcing
regime shift
removal unit
runaway greenhouse effect
sea level rise
season creep
slash and burn
Snowball Earth
solar variation
solar wind
stranded asset
Stratospheric aerosol injection
sunspot
thermohaline circulation
TEX-86
thermocline
tipping points in the climate system
urban heat island
volcanism
water vapor
with additional measures 
WAM
with measures 
WEM
without measures 
WOM
weather
World Climate Report
